Longitude,Latitude,species_tree,sc,b_nisc,g_nisc,p_nisc,nisc,nisc_count,category,country,region,subregion
93.38568206,7.940611444,Accipiter_butleri,0,0,0,0,0,0,absence,India,Asia,Southern Asia
128.2043048,-1.286550169,Accipiter_erythrauchen,0,0,0,0,0,0,absence,Indonesia,Asia,South-Eastern Asia
156.4762972,-6.77883481,Accipiter_imitator,0,0,0,0,0,0,absence,Solomon Islands,Oceania,Melanesia
121.294161,-0.946891401,Accipiter_nanus,0,0,0,0,0,0,absence,Philippines,Asia,South-Eastern Asia
151.0385553,-5.350507539,Accipiter_princeps,0,0,0,0,0,0,absence,Papua New Guinea,Oceania,Melanesia
178.4845017,-17.45062841,Accipiter_rufitorques,0,0,0,0,0,0,absence,Fiji,Oceania,Melanesia
108.3954651,1.694470768,Aceros_comatus,0,0,0,0,0,0,absence,Indonesia,Asia,South-Eastern Asia
108.0196773,0.508794263,Aceros_corrugatus,0,0,0,0,0,0,absence,Indonesia,Asia,South-Eastern Asia
94.28929563,13.43480204,Aceros_narcondami,0,0,0,0,0,0,absence,India,Asia,Southern Asia
103.8811366,10.07648946,Aceros_undulatus,0,0,0,0,0,0,absence,Cambodia,Asia,South-Eastern Asia
108.6126357,1.278679266,Actenoides_concretus,1,1,1,0,1,2,multi,Indonesia,Asia,South-Eastern Asia
121.799187,14.70629029,Actenoides_lindsayi,1,1,1,0,1,2,multi,Philippines,Asia,South-Eastern Asia
165.5531793,55.04055956,Aethia_cristatella,0,0,0,0,0,0,absence,Russia,Europe,Eastern Europe
-31.99060026,55.86773159,Aethia_psittacula,0,0,0,0,0,0,absence,High Sea,NA,NA
177.2491167,56.49908394,Aethia_pusilla,0,0,0,0,0,0,absence,High Sea,NA,NA
164.8853569,53.6974729,Aethia_pygmaea,0,0,0,0,0,0,absence,Russia,Europe,Eastern Europe
-20.66516674,62.40857442,Alca_torda,0,0,0,0,0,0,absence,Faroe Islands,Europe,Northern Europe
108.9708899,-6.405345217,Alcedo_coerulescens,1,1,0,0,1,1,blue,Indonesia,Asia,South-Eastern Asia
121.7444367,14.58804371,Alcedo_cyanopectus,1,1,0,0,1,1,blue,Philippines,Asia,South-Eastern Asia
107.8513434,1.052480907,Alcedo_euryzona,1,1,0,0,1,1,blue,Indonesia,Asia,South-Eastern Asia
101.9203865,10.63359723,Alcedo_meninting,1,1,0,0,1,1,blue,Cambodia,Asia,South-Eastern Asia
150.7870042,-4.378979399,Alcedo_websteri,1,1,0,0,1,1,blue,Papua New Guinea,Oceania,Melanesia
17.23206886,43.09608648,Alectoris_graeca,1,1,0,0,1,1,blue,Bosnia and Herzegovina,Europe,Southern Europe
55.51528204,-4.574270981,Alectroenas_pulcherrimus,0,0,0,0,0,0,absence,Seychelles,Africa,Eastern Africa
44.12085851,-11.87291746,Alectroenas_sganzini,0,0,0,0,0,0,absence,Mayotte,Africa,Eastern Africa
131.2302701,-1.904589546,Alisterus_amboinensis,1,1,1,0,1,2,multi,Australia,Oceania,Australia and New Zealand
45.892394,78.23487317,Alle_alle,0,0,0,0,0,0,absence,Russia,Europe,Eastern Europe
122.2758562,-0.471088153,Amaurornis_isabellina,0,0,0,0,0,0,absence,Philippines,Asia,South-Eastern Asia
141.8118036,-9.98988823,Amaurornis_moluccana,0,0,0,0,0,0,absence,Northern Mariana Islands,Oceania,Micronesia
-81.85981937,10.83316309,Amazilia_tzacatl,1,0,0,0,0,0,sc,Panama,Americas,Central America
-93.63426943,20.42039525,Amazilia_yucatanensis,1,0,0,0,0,0,sc,Mexico,Americas,Central America
-83.51071658,11.38798378,Amazona_autumnalis,1,1,1,1,1,3,multi,Nicaragua,Americas,Central America
-48.03943948,-25.12629239,Amazona_brasiliensis,1,1,1,1,1,3,multi,Brazil,Americas,South America
-65.81740527,18.28824837,Amazona_vittata,1,1,1,0,1,2,multi,Puerto Rico,Americas,Caribbean
172.1691597,-39.12817398,Anas_chlorotis,1,0,0,0,0,0,sc,New Zealand,Oceania,Australia and New Zealand
20.6799535,57.61847942,Anas_clypeata,1,1,0,0,1,1,blue,Latvia,Europe,Eastern Europe
-94.37748846,9.968447899,Anas_cyanoptera,1,0,0,0,0,0,sc,High Sea,NA,NA
67.22202769,-48.91147347,Anas_eatoni,1,0,0,0,0,0,sc,French Southern and Antarctic Lands,Antarctica,NA
-88.2950724,28.1637206,Anas_fulvigula,1,0,0,0,0,0,sc,Belize,Americas,Central America
114.1638073,-3.891020071,Anas_gibberifrons,1,0,0,0,0,0,sc,Indonesia,Asia,South-Eastern Asia
-171.7313344,25.76432794,Anas_laysanensis,1,0,0,0,0,0,sc,United States,Americas,Northern America
-157.3319781,20.91718518,Anas_wyviliana,1,0,0,0,0,0,sc,United States,Americas,Northern America
94.08889843,15.13890264,Anhinga_melanogaster,0,0,0,0,0,0,absence,India,Asia,Southern Asia
108.266188,1.158145025,Anorrhinus_galeritus,0,0,0,0,0,0,absence,Indonesia,Asia,South-Eastern Asia
-63.450069,18.594606,Anous_minutus,0,0,0,0,0,0,absence,Anguilla,Americas,Caribbean
-129.7643225,13.66751432,Anous_stolidus,0,0,0,0,0,0,absence,France,Americas,Northern America
57.22443735,-19.10440187,Anous_tenuirostris,0,0,0,0,0,0,absence,Seychelles,Africa,Eastern Africa
-19.66689803,72.45242966,Anser_brachyrhynchus,0,0,0,0,0,0,absence,High Sea,NA,NA
-88.20895633,15.84303896,Anthracothorax_prevostii,1,0,0,0,0,0,sc,Belize,Americas,Central America
-14.19685016,-51.386462,Aptenodytes_patagonicus,1,1,0,0,1,1,blue,Falkland Islands (Malvinas),Americas,South America
-24.32712229,15.82109369,Apus_alexandri,0,0,0,0,0,0,absence,Cape Verde,Africa,Western Africa
5.391444951,4.721650524,Apus_batesi,0,0,0,0,0,0,absence,Nigeria,Africa,Western Africa
-15.72749936,28.81316454,Apus_unicolor,0,0,0,0,0,0,absence,Spain,Europe,Southern Europe
-79.33460568,7.846179536,Ara_ambiguus,1,1,1,0,1,2,multi,Panama,Americas,Central America
-78.43371646,12.06596237,Aramides_axillaris,0,0,0,0,0,0,absence,Colombia,Americas,South America
-77.50401937,5.377634596,Aramides_wolfi,0,0,0,0,0,0,absence,Colombia,Americas,South America
121.5153098,-0.821445768,Aramidopsis_plateni,0,0,0,0,0,0,absence,Philippines,Asia,South-Eastern Asia
-79.99853198,-2.954521625,Aratinga_erythrogenys,1,0,1,0,1,1,green,Panama,Americas,Central America
-97.05542604,20.86536294,Aratinga_holochlora,1,0,1,0,1,1,green,Mexico,Americas,Central America
59.39878815,25.27094365,Ardea_cinerea,0,0,0,0,0,0,absence,Estonia,Europe,Eastern Europe
50.7136432,12.52877172,Ardea_purpurea,0,0,0,0,0,0,absence,Somalia,Africa,Eastern Africa
126.1411454,-4.102774682,Ardea_sumatrana,0,0,0,0,0,0,absence,Indonesia,Asia,South-Eastern Asia
-127.7904311,72.64554552,Arenaria_interpres,0,0,0,0,0,0,absence,Canada,Americas,Northern America
-163.3009462,63.59367442,Arenaria_melanocephala,0,0,0,0,0,0,absence,United States,Americas,Northern America
108.3932476,1.095597419,Argusianus_argus,0,0,0,0,0,0,absence,Indonesia,Asia,South-Eastern Asia
-12.68223808,-37.30226508,Atlantisia_rogersi,0,0,0,0,0,0,absence,Saint Helena,Africa,Southern Africa
107.2402525,6.490952114,Aviceda_jerdoni,0,0,0,0,0,0,absence,Indonesia,Asia,South-Eastern Asia
108.4820589,5.836207839,Batrachostomus_affinis,0,0,0,0,0,0,absence,Indonesia,Asia,South-Eastern Asia
104.8010938,4.662420291,Batrachostomus_javensis,0,0,0,0,0,0,absence,Malaysia,Asia,South-Eastern Asia
108.8747657,2.077520654,Batrachostomus_poliolophus,0,0,0,0,0,0,absence,Indonesia,Asia,South-Eastern Asia
-85.01822846,9.394878356,Bolborhynchus_lineola,1,0,1,0,1,1,green,Costa Rica,Americas,Central America
-174.7320766,55.84619375,Brachyramphus_marmoratus,0,0,0,0,0,0,absence,United States,Americas,Northern America
154.317415,49.12707263,Brachyramphus_perdix,0,0,0,0,0,0,absence,Russia,Europe,Eastern Europe
-101.0023485,73.16282193,Branta_bernicla,0,0,0,0,0,0,absence,Canada,Americas,Northern America
0.065363268,72.77353335,Branta_leucopsis,0,0,0,0,0,0,absence,High Sea,NA,NA
-157.0489788,20.66977205,Branta_sandvicensis,0,0,0,0,0,0,absence,United States,Americas,Northern America
-127.4396921,72.35051864,Bubo_scandiaca,0,0,0,0,0,0,absence,Canada,Americas,Northern America
108.7844987,0.045643431,Bubo_sumatranus,0,0,0,0,0,0,absence,Indonesia,Asia,South-Eastern Asia
0.038616947,4.108791558,Bubulcus_ibis,0,0,0,0,0,0,absence,High Sea,NA,NA
123.4823397,11.35612227,Buceros_hydrocorax,1,0,0,0,0,0,sc,Philippines,Asia,South-Eastern Asia
108.7291733,0.144941174,Buceros_rhinoceros,1,0,0,0,0,0,sc,Indonesia,Asia,South-Eastern Asia
-155.7039629,13.83618724,Bulweria_bulwerii,0,0,0,0,0,0,absence,United States,Oceania,Polynesia
61.54347431,6.818000575,Bulweria_fallax,0,0,0,0,0,0,absence,High Sea,NA,NA
-72.03242958,-21.34186489,Buteo_albigula,0,0,0,0,0,0,absence,High Sea,NA,NA
10.88592867,67.15198283,Buteo_lagopus,0,0,0,0,0,0,absence,Norway,Europe,Northern Europe
-94.6547145,19.92324055,Buteogallus_anthracinus,0,0,0,0,0,0,absence,Mexico,Americas,Central America
120.8068548,10.01884762,Cacatua_haematuropygia,0,0,0,0,0,0,absence,Philippines,Asia,South-Eastern Asia
121.3593574,-4.234658207,Cacatua_sulphurea,0,0,0,0,0,0,absence,Philippines,Asia,South-Eastern Asia
94.31815781,15.14454659,Cacomantis_sonneratii,0,0,0,0,0,0,absence,India,Asia,Southern Asia
141.2153253,-16.04878045,Cacomantis_variolosus,1,0,0,0,0,0,sc,Northern Mariana Islands,Oceania,Micronesia
-99.55465777,70.42542206,Calidris_fuscicollis,0,0,0,0,0,0,absence,Canada,Americas,Northern America
-7.861997714,71.56316162,Calidris_maritima,0,0,0,0,0,0,absence,High Sea,NA,NA
-13.98995246,69.87251354,Calidris_melanotos,0,0,0,0,0,0,absence,Greenland,Americas,Northern America
-171.909059,64.53215517,Calidris_ptilocnemis,0,0,0,0,0,0,absence,United States,Americas,Northern America
-76.4206671,24.15579965,Calliphlox_evelynae,1,0,0,0,0,0,sc,Bahamas,Americas,Caribbean
-76.4206671,24.15579965,Calliphlox_lyrura,1,0,0,0,0,0,sc,Bahamas,Americas,Caribbean
127.4671499,-0.338763735,Caloenas_nicobarica,1,0,0,0,0,0,sc,Indonesia,Asia,South-Eastern Asia
-19.92839899,3.535791033,Calonectris_diomedea,0,0,0,0,0,0,absence,High Sea,NA,NA
-25.94398099,11.23500557,Calonectris_edwardsii,0,0,0,0,0,0,absence,Cape Verde,Africa,Western Africa
138.9557422,7.399787806,Calonectris_leucomelas,0,0,0,0,0,0,absence,Australia,Oceania,Australia and New Zealand
-77.52403202,3.160818297,Capito_quinticolor,0,0,0,0,0,0,absence,Colombia,Americas,South America
94.33523156,17.32781789,Caprimulgus_affinis,0,0,0,0,0,0,absence,India,Asia,Southern Asia
-80.21263562,-3.102091975,Caprimulgus_anthonyi,0,0,0,0,0,0,absence,Panama,Americas,Central America
80.45967214,14.87836937,Caprimulgus_atripennis,0,0,0,0,0,0,absence,Sri Lanka,Asia,Southern Asia
123.0862708,0.281863442,Caprimulgus_celebensis,0,0,0,0,0,0,absence,Philippines,Asia,South-Eastern Asia
110.7552324,7.667868257,Caprimulgus_macrurus,0,0,0,0,0,0,absence,Indonesia,Asia,South-Eastern Asia
121.1958613,-8.982220713,Caprimulgus_meesi,0,0,0,0,0,0,absence,Philippines,Asia,South-Eastern Asia
-1.789710975,36.02630014,Caprimulgus_ruficollis,0,0,0,0,0,0,absence,Spain,Europe,Southern Europe
119.2773178,-8.596366304,Caridonax_fulgidus,1,1,0,0,1,1,blue,Indonesia,Asia,South-Eastern Asia
-55.28364428,-51.27790335,Catharacta_antarcticus,0,0,0,0,0,0,absence,High Sea,NA,NA
0.746374902,65.92631193,Catharacta_skua,0,0,0,0,0,0,absence,High Sea,NA,NA
158.8705881,-8.959384149,Centropus_milo,1,0,0,0,0,0,sc,Solomon Islands,Oceania,Melanesia
93.64944038,18.19674418,Centropus_sinensis,1,0,0,0,0,0,sc,India,Asia,Southern Asia
146.5621232,51.50973207,Cepphus_carbo,0,0,0,0,0,0,absence,High Sea,NA,NA
-32.60916968,67.76626923,Cepphus_grylle,0,0,0,0,0,0,absence,Greenland,Americas,Northern America
-160.0626836,50.07004885,Cerorhinca_monocerata,0,0,0,0,0,0,absence,High Sea,NA,NA
102.8046217,9.032386659,Ceyx_erithaca,1,1,0,1,1,2,multi,Cambodia,Asia,South-Eastern Asia
-61.2737674,15.10511511,Chaetura_martinica,0,0,0,0,0,0,absence,Dominica,Americas,Caribbean
108.9288666,8.19593311,Chalcophaps_indica,1,1,0,0,1,1,blue,Indonesia,Asia,South-Eastern Asia
158.0063502,-7.904029874,Chalcopsitta_cardinalis,1,0,0,0,0,0,sc,Solomon Islands,Oceania,Melanesia
158.2539387,-38.54201847,Charadrius_bicinctus,0,0,0,0,0,0,absence,Solomon Islands,Oceania,Melanesia
40.81302007,71.02960571,Charadrius_hiaticula,0,0,0,0,0,0,absence,Russia,Europe,Eastern Europe
-78.03074931,15.12597052,Charadrius_wilsonia,0,0,0,0,0,0,absence,Colombia,Americas,South America
158.6079372,-8.179013779,Charmosyna_margarethae,1,0,1,0,1,1,green,Solomon Islands,Oceania,Melanesia
157.4260113,-7.308880788,Charmosyna_meeki,1,0,1,0,1,1,green,Solomon Islands,Oceania,Melanesia
167.3816695,-15.47168266,Charmosyna_palmarum,1,0,1,0,1,1,green,Vanuatu,Oceania,Melanesia
-91.81215076,72.48883728,Chen_caerulescens,0,0,0,0,0,0,absence,Canada,Americas,Northern America
-178.9802877,65.50503398,Chen_canagica,1,1,0,0,1,1,blue,Russia,Europe,Northern Europe
67.76426465,-49.28451605,Chionis_minor,0,0,0,0,0,0,absence,French Southern and Antarctic Lands,Antarctica,NA
59.55290267,10.90813942,Chlidonias_hybrida,0,0,0,0,0,0,absence,Ethiopia,Africa,Eastern Africa
-12.68158574,51.3616792,Chlidonias_niger,0,0,0,0,0,0,absence,Ireland,Europe,Northern Europe
-67.06704287,-52.76624483,Chloephaga_rubidiceps,1,0,0,0,0,0,sc,Falkland Islands (Malvinas),Americas,South America
130.3198866,-12.25228291,Chrysococcyx_minutillus,1,0,0,0,0,0,sc,Australia,Oceania,Australia and New Zealand
106.1574568,8.772153726,Chrysococcyx_xanthorhynchus,1,0,0,0,0,0,sc,Viet Nam,Asia,South-Eastern Asia
29.74459634,41.68694985,Ciconia_ciconia,0,0,0,0,0,0,absence,Turkey,Asia,Western Asia
108.7759349,0.263026424,Ciconia_stormi,1,0,0,0,0,0,sc,Indonesia,Asia,South-Eastern Asia
4.961227086,56.89368231,Circus_cyaneus,0,0,0,0,0,0,absence,High Sea,NA,NA
4.961227086,56.89368231,Circus_hudsonius,0,0,0,0,0,0,absence,High Sea,NA,NA
122.1993881,-0.749106871,Cittura_cyanotis,1,1,0,0,1,1,blue,Philippines,Asia,South-Eastern Asia
122.1993881,-0.749106871,Cittura_sanghirensis,1,1,0,1,1,2,multi,Philippines,Asia,South-Eastern Asia
-3.710155737,68.7949142,Clangula_hyemalis,1,0,0,0,0,0,sc,Iceland,Europe,Northern Europe
-87.06146788,5.530407535,Coccyzus_ferrugineus,0,0,0,0,0,0,absence,Costa Rica,Americas,Central America
-86.4420131,18.39033364,Coccyzus_minor,0,0,0,0,0,0,absence,Mexico,Americas,Central America
167.0198376,-50.99477902,Coenocorypha_aucklandica,0,0,0,0,0,0,absence,New Zealand,Oceania,Australia and New Zealand
167.0198376,-50.99477902,Coenocorypha_huegeli,0,0,0,0,0,0,absence,New Zealand,Oceania,Australia and New Zealand
-176.2190239,-44.30428802,Coenocorypha_pusilla,0,0,0,0,0,0,absence,New Zealand,Oceania,Australia and New Zealand
-80.43257042,21.94905693,Colaptes_fernandinae,0,0,0,0,0,0,absence,Panama,Americas,Central America
-83.01003554,6.267257388,Colibri_thalassinus,1,0,0,0,0,0,sc,Nicaragua,Americas,Central America
121.1224281,-0.199724914,Collocalia_affinis,1,0,0,0,0,0,sc,Philippines,Asia,South-Eastern Asia
157.1857698,15.1498798,Collocalia_bartschi,0,0,0,0,0,0,absence,Solomon Islands,Oceania,Melanesia
121.1224281,-0.199724914,Collocalia_dodgei,1,0,0,0,0,0,sc,Philippines,Asia,South-Eastern Asia
121.1224281,-0.199724914,Collocalia_esculenta,1,0,0,0,0,0,sc,Philippines,Asia,South-Eastern Asia
56.39902557,-20.76721561,Collocalia_francica,0,0,0,0,0,0,absence,Seychelles,Africa,Eastern Africa
122.8132694,-2.41119029,Collocalia_infuscata,0,0,0,0,0,0,absence,Philippines,Asia,South-Eastern Asia
158.1680975,6.645682784,Collocalia_inquieta,1,0,0,0,0,0,sc,Solomon Islands,Oceania,Melanesia
121.1224281,-0.199724914,Collocalia_isonota,1,0,0,0,0,0,sc,Philippines,Asia,South-Eastern Asia
121.1224281,-0.199724914,Collocalia_marginata,1,0,0,0,0,0,sc,Philippines,Asia,South-Eastern Asia
122.7399471,11.81135565,Collocalia_mearnsi,0,0,0,0,0,0,absence,Philippines,Asia,South-Eastern Asia
121.1224281,-0.199724914,Collocalia_natalis,1,0,0,0,0,0,sc,Philippines,Asia,South-Eastern Asia
121.1224281,-0.199724914,Collocalia_neglecta,1,0,0,0,0,0,sc,Philippines,Asia,South-Eastern Asia
-139.6382298,-9.285653468,Collocalia_ocista,0,0,0,0,0,0,absence,French Polynesia,Oceania,Polynesia
153.927868,-13.65189065,Collocalia_spodiopygia,0,0,0,0,0,0,absence,Papua New Guinea,Oceania,Melanesia
121.1224281,-0.199724914,Collocalia_sumbawae,1,0,0,0,0,0,sc,Philippines,Asia,South-Eastern Asia
122.9301234,11.79863369,Collocalia_troglodytes,0,0,0,0,0,0,absence,Philippines,Asia,South-Eastern Asia
121.1224281,-0.199724914,Collocalia_uropygialis,1,0,0,0,0,0,sc,Philippines,Asia,South-Eastern Asia
122.4300066,13.11330776,Collocalia_whiteheadi,0,0,0,0,0,0,absence,Philippines,Asia,South-Eastern Asia
-17.01794815,28.30202513,Columba_bollii,1,1,0,0,1,1,blue,Spain,Europe,Southern Europe
129.2064956,30.19427149,Columba_janthina,1,0,0,0,0,0,sc,Japan,Asia,Eastern Asia
-17.50231551,28.46940677,Columba_junoniae,1,0,0,0,0,0,sc,Spain,Europe,Southern Europe
153.2088448,-6.174723783,Columba_pallidiceps,1,0,0,0,0,0,sc,Papua New Guinea,Oceania,Melanesia
92.96435779,11.22462123,Columba_palumboides,1,0,0,0,0,0,sc,India,Asia,Southern Asia
43.94820921,-12.06304448,Columba_pollenii,1,0,0,0,0,0,sc,Mayotte,Africa,Eastern Africa
89.55653999,21.67648863,Columba_punicea,1,0,0,0,0,0,sc,Bangladesh,Asia,Southern Asia
137.0720883,-1.846808417,Columba_vitiensis,1,0,0,0,0,0,sc,Australia,Oceania,Australia and New Zealand
70.99751668,2.672035893,Coturnix_chinensis,1,1,0,0,1,1,blue,Ethiopia,Africa,Eastern Africa
-77.76393194,3.410109116,Crypturellus_berlepschi,0,0,0,0,0,0,absence,Colombia,Americas,South America
-94.16525828,18.70737193,Crypturellus_cinnamomeus,0,0,0,0,0,0,absence,Mexico,Americas,Central America
-80.41116829,-3.00167979,Crypturellus_transfasciatus,0,0,0,0,0,0,absence,Panama,Americas,Central America
106.7449118,-2.150769748,Cuculus_lepidus,0,0,0,0,0,0,absence,Indonesia,Asia,South-Eastern Asia
-61.15628529,14.9624212,Cyanophaia_bicolor,1,0,0,0,0,0,sc,Dominica,Americas,Caribbean
168.0370344,-29.00610086,Cyanoramphus_cookii,1,1,1,0,1,2,multi,Australia,Oceania,Australia and New Zealand
171.8062892,-45.78010545,Cyanoramphus_novaezelandiae,1,1,1,0,1,2,multi,New Zealand,Oceania,Australia and New Zealand
48.88947966,68.33201861,Cygnus_columbianus,0,0,0,0,0,0,absence,Russia,Europe,Eastern Europe
-76.31594345,10.21643922,Cypseloides_cryptus,0,0,0,0,0,0,absence,Colombia,Americas,South America
95.58294995,15.37901239,Cypsiurus_balasiensis,0,0,0,0,0,0,absence,India,Asia,Southern Asia
-92.51278616,18.73798281,Dactylortyx_thoracicus,0,0,0,0,0,0,absence,Mexico,Americas,Central America
-19.10102327,-59.70444548,Daption_capense,0,0,0,0,0,0,absence,High Sea,NA,NA
-127.8732702,52.22548747,Dendragapus_fuliginosus,0,0,0,0,0,0,absence,Canada,Americas,Northern America
120.5894455,5.572950287,Dendrocopos_ramsayi,0,0,0,0,0,0,absence,Philippines,Asia,South-Eastern Asia
33.31412018,42.46052638,Dendrocopos_syriacus,0,0,0,0,0,0,absence,Georgia,Asia,Western Asia
11.22091151,-5.197745399,Dendrocygna_bicolor,0,0,0,0,0,0,absence,Gabon,Africa,Middle Africa
-10.3550785,-6.866687384,Dendrocygna_viduata,0,0,0,0,0,0,absence,Saint Helena,Africa,Western Africa
103.5635455,10.44614852,Dinopium_javanense,0,0,0,0,0,0,absence,Cambodia,Asia,South-Eastern Asia
108.6374196,1.370737684,Dinopium_rafflesii,0,0,0,0,0,0,absence,Indonesia,Asia,South-Eastern Asia
170.7312809,-45.78763596,Diomedea_epomophora,0,0,0,0,0,0,absence,New Zealand,Oceania,Australia and New Zealand
61.28100063,-49.3947534,Diomedea_exulans,0,0,0,0,0,0,absence,French Southern and Antarctic Lands,Antarctica,NA
-78.41367748,3.743383881,Discosura_conversii,1,0,0,0,0,0,sc,Colombia,Americas,South America
-81.98346881,7.229021049,Dryobates_fumigatus,0,0,0,0,0,0,absence,Panama,Americas,Central America
102.2213001,12.25903168,Ducula_aenea,1,0,0,0,0,0,sc,Cambodia,Asia,South-Eastern Asia
167.5050133,-15.39181747,Ducula_bakeri,1,0,0,0,0,0,sc,Vanuatu,Oceania,Melanesia
160.8509094,-9.650866509,Ducula_brenchleyi,0,0,0,0,0,0,absence,Solomon Islands,Oceania,Melanesia
122.9236215,12.01208811,Ducula_carola,1,0,0,0,0,0,sc,Philippines,Asia,South-Eastern Asia
129.6346767,-5.181220327,Ducula_concinna,1,0,0,0,0,0,sc,Indonesia,Asia,South-Eastern Asia
150.7694398,-5.062799531,Ducula_finschii,1,0,0,0,0,0,sc,Papua New Guinea,Oceania,Melanesia
150.8355332,-5.207914876,Ducula_melanochroa,0,0,0,0,0,0,absence,Papua New Guinea,Oceania,Melanesia
151.2680299,6.503036859,Ducula_oceanica,1,0,0,0,0,0,sc,Papua New Guinea,Oceania,Melanesia
102.2213001,12.25903168,Ducula_oenothorax,1,0,0,0,0,0,sc,Cambodia,Asia,South-Eastern Asia
170.406103,-16.84467078,Ducula_pacifica,1,0,1,0,1,1,green,New Zealand,Oceania,Australia and New Zealand
128.2480531,-1.385153257,Ducula_perspicillata,1,0,0,0,0,0,sc,Indonesia,Asia,South-Eastern Asia
121.7075568,7.07886423,Ducula_pickeringii,1,0,0,0,0,0,sc,Philippines,Asia,South-Eastern Asia
153.8938509,-6.303297048,Ducula_pistrinaria,1,0,0,0,0,0,sc,Papua New Guinea,Oceania,Melanesia
124.6271817,-8.411098277,Ducula_rosacea,1,0,0,0,0,0,sc,Indonesia,Asia,South-Eastern Asia
154.1769842,-6.427390973,Ducula_rubricera,1,0,0,0,0,0,sc,Papua New Guinea,Oceania,Melanesia
139.2073175,-11.52513732,Ducula_spilorrhoa,0,0,0,0,0,0,absence,Australia,Oceania,Australia and New Zealand
150.6233845,-5.00674111,Ducula_subflavescens,0,0,0,0,0,0,absence,Papua New Guinea,Oceania,Melanesia
105.642605,-10.48825251,Ducula_whartoni,1,0,0,0,0,0,sc,Australia,Oceania,Australia and New Zealand
124.1519182,39.34911327,Egretta_eulophotes,0,0,0,0,0,0,absence,Indonesia,Asia,South-Eastern Asia
68.86974667,5.532450011,Egretta_garzetta,0,0,0,0,0,0,absence,Ethiopia,Africa,Eastern Africa
-96.17901741,23.49289777,Egretta_rufescens,0,0,0,0,0,0,absence,Mexico,Americas,Central America
127.5232129,-5.219852067,Egretta_sacra,0,0,0,0,0,0,absence,Indonesia,Asia,South-Eastern Asia
-78.42445442,19.44138298,Egretta_tricolor,0,0,0,0,0,0,absence,Colombia,Americas,South America
128.7117484,-3.401691167,Eos_bornea,0,0,0,0,0,0,absence,Indonesia,Asia,South-Eastern Asia
-81.53812816,18.03921529,Eudocimus_albus,0,0,0,0,0,0,absence,Panama,Americas,Central America
-14.63927758,-51.70498181,Eudyptes_chrysocome,1,1,0,0,1,1,blue,Falkland Islands (Malvinas),Americas,South America
-43.54300549,-56.23739729,Eudyptes_chrysolophus,1,1,0,0,1,1,blue,South Georgia South Sandwich Islands,Antarctica,NA
11.17540739,-38.19529313,Eudyptes_moseleyi,0,0,0,0,0,0,absence,Saint Helena,Africa,Western Africa
166.5517437,-48.01181977,Eudyptes_robustus,0,0,0,0,0,0,absence,New Zealand,Oceania,Australia and New Zealand
158.8822384,-54.63046963,Eudyptes_schlegeli,0,0,0,0,0,0,absence,Australia,Oceania,Australia and New Zealand
-176.5270286,-43.94220632,Eudyptula_minor,1,1,0,0,1,1,blue,New Zealand,Oceania,Australia and New Zealand
128.6394292,-13.40684426,Eulabeornis_castaneoventris,0,0,0,0,0,0,absence,Australia,Oceania,Australia and New Zealand
-62.29764662,15.89096291,Eulampis_holosericeus,1,0,1,0,1,1,green,Montserrat,Americas,Caribbean
-61.43067259,15.22845299,Eulampis_jugularis,1,0,0,0,0,0,sc,Dominica,Americas,Caribbean
128.2495231,-1.560656127,Eulipoa_wallacei,0,0,0,0,0,0,absence,Indonesia,Asia,South-Eastern Asia
-88.53829794,16.32637093,Eumomota_superciliosa,1,1,1,0,1,2,multi,Belize,Americas,Central America
108.644989,0.746969316,Eurostopodus_temminckii,0,0,0,0,0,0,absence,Indonesia,Asia,South-Eastern Asia
178.4965771,64.21505778,Eurynorhynchus_pygmeus,0,0,0,0,0,0,absence,Russia,Europe,Eastern Europe
118.585111,15.47656134,Eurystomus_orientalis,1,1,1,0,1,2,multi,Indonesia,Asia,South-Eastern Asia
119.057715,-4.890380028,Falco_moluccensis,0,0,0,0,0,0,absence,Indonesia,Asia,South-Eastern Asia
5.085370949,68.59788036,Falco_rusticolus,0,0,0,0,0,0,absence,Norway,Europe,Northern Europe
114.0032649,11.98115089,Falco_severus,0,0,0,0,0,0,absence,Indonesia,Asia,South-Eastern Asia
-14.85905783,67.9901108,Fratercula_arctica,0,0,0,0,0,0,absence,Iceland,Europe,Northern Europe
-87.69059493,56.34163397,Fratercula_corniculata,0,0,0,0,0,0,absence,Belize,Americas,Central America
-14.30680767,-7.934685968,Fregata_aquila,1,0,0,0,0,0,sc,Saint Helena,Africa,Western Africa
163.2298716,-2.109908183,Fregata_ariel,1,0,0,0,0,0,sc,Kiribati,Oceania,Micronesia
-143.6909317,-1.393477393,Fregata_minor,1,0,0,0,0,0,sc,French Polynesia,Oceania,Polynesia
-82.67113464,-35.52785056,Fregetta_grallaria,0,0,0,0,0,0,absence,Chile,Americas,South America
-24.7509539,-53.11915888,Fregetta_tropica,0,0,0,0,0,0,absence,High Sea,NA,NA
-157.1976176,20.87716631,Fulica_alai,0,0,0,0,0,0,absence,United States,Americas,Northern America
-15.16124737,69.80021567,Fulmarus_glacialis,0,0,0,0,0,0,absence,Norway,Europe,Northern Europe
111.2709751,-12.60668567,Fulmarus_glacialoides,0,0,0,0,0,0,absence,Indonesia,Asia,South-Eastern Asia
-136.3940724,-21.45833641,Gallicolumba_erythroptera,1,0,0,0,0,0,sc,French Polynesia,Oceania,Polynesia
122.7392285,10.58270858,Gallicolumba_keayi,1,0,0,0,0,0,sc,Philippines,Asia,South-Eastern Asia
156.9478408,6.977178116,Gallicolumba_kubaryi,1,0,0,0,0,0,sc,Solomon Islands,Oceania,Melanesia
-140.3345777,-8.141178757,Gallicolumba_rubescens,1,0,0,0,0,0,sc,French Polynesia,Oceania,Polynesia
144.5594254,14.09435353,Gallicolumba_xanthonurus,1,0,0,0,0,0,sc,Northern Mariana Islands,Oceania,Micronesia
-11.3657669,-38.36219427,Gallinula_nesiotis,0,0,0,0,0,0,absence,Saint Helena,Africa,Southern Africa
150.6068421,-5.477622702,Gallirallus_insignis,0,0,0,0,0,0,absence,Papua New Guinea,Oceania,Melanesia
140.2335587,-15.19630355,Gallirallus_philippensis,0,0,0,0,0,0,absence,Australia,Oceania,Australia and New Zealand
122.593588,6.238273774,Gallirallus_torquatus,0,0,0,0,0,0,absence,Philippines,Asia,South-Eastern Asia
53.32554195,-51.10361065,Garrodia_nereis,0,0,0,0,0,0,absence,French Southern and Antarctic Lands,Antarctica,NA
164.2275237,69.92091233,Gavia_adamsii,0,0,0,0,0,0,absence,Russia,Europe,Eastern Europe
154.2454391,-6.489969941,Geoffroyus_heteroclitus,1,1,1,0,1,2,multi,Papua New Guinea,Oceania,Melanesia
122.5985097,-8.856350505,Geopelia_maugeus,0,0,0,0,0,0,absence,Philippines,Asia,South-Eastern Asia
108.4573798,4.657693082,Geopelia_striata,0,0,0,0,0,0,absence,Indonesia,Asia,South-Eastern Asia
-75.55887779,20.67747872,Geotrygon_chrysia,1,0,0,0,0,0,sc,Cuba,Americas,Caribbean
-82.34377732,9.366801662,Geotrygon_lawrencii,0,0,0,0,0,0,absence,Panama,Americas,Central America
-64.67434242,17.30433201,Geotrygon_mystacea,1,0,0,0,0,0,sc,United States Virgin Islands,Americas,Caribbean
-78.01633751,6.508816219,Geotrygon_veraguensis,1,0,0,0,0,0,sc,Colombia,Americas,South America
-80.95866569,6.764893823,Glaucis_aeneus,1,0,0,0,0,0,sc,Panama,Americas,Central America
130.5319025,-33.47544372,Glossopsitta_porphyrocephala,1,1,1,1,1,3,multi,Australia,Oceania,Australia and New Zealand
133.1247932,-2.230442658,Goura_cristata,0,0,0,0,0,0,absence,Australia,Oceania,Australia and New Zealand
94.30387931,15.27288556,Grus_antigone,0,0,0,0,0,0,absence,India,Asia,Southern Asia
-156.1711662,21.07609515,Gygis_alba,0,0,0,0,0,0,absence,United States,Americas,Northern America
6.694263279,1.776063408,Gymnobucco_calvus,0,0,0,0,0,0,absence,Benin,Africa,Western Africa
6.726697894,2.857711712,Gymnobucco_peli,0,0,0,0,0,0,absence,Nigeria,Africa,Western Africa
157.9112966,-7.864261292,Gymnophaps_solomonensis,1,0,0,0,0,0,sc,Solomon Islands,Oceania,Melanesia
-137.4812528,52.31432826,Haematopus_bachmani,0,0,0,0,0,0,absence,Canada,Americas,Northern America
172.9129396,-40.66267782,Haematopus_unicolor,0,0,0,0,0,0,absence,New Zealand,Oceania,Australia and New Zealand
124.9012264,-9.949115431,Haliaeetus_leucogaster,0,0,0,0,0,0,absence,Indonesia,Asia,South-Eastern Asia
150.3954619,58.23737598,Haliaeetus_pelagicus,0,0,0,0,0,0,absence,Russia,Europe,Eastern Europe
158.3023674,-8.089666447,Haliaeetus_sanfordi,0,0,0,0,0,0,absence,Solomon Islands,Oceania,Melanesia
-127.6568873,-67.16705585,Halobaena_caerulea,0,0,0,0,0,0,absence,Antarctica,Antarctica,NA
123.401982,11.60016828,Harpactes_ardens,0,0,0,0,0,0,absence,Philippines,Asia,South-Eastern Asia
108.5207434,2.193241673,Harpactes_orrhophaeus,0,0,0,0,0,0,absence,Indonesia,Asia,South-Eastern Asia
-86.42482186,7.014127516,Harpyhaliaetus_solitarius,0,0,0,0,0,0,absence,Costa Rica,Americas,Central America
-79.36275252,3.527596332,Heliodoxa_jacula,1,0,0,0,0,0,sc,Panama,Americas,Central America
-81.78680449,9.679278134,Heliothryx_barroti,1,0,0,0,0,0,sc,Panama,Americas,Central America
96.91362544,16.52987512,Hemicircus_canente,0,0,0,0,0,0,absence,India,Asia,Southern Asia
108.229989,0.353782378,Hemicircus_concretus,0,0,0,0,0,0,absence,Indonesia,Asia,South-Eastern Asia
110.6296604,2.958192517,Hemiprocne_comata,1,0,0,0,0,0,sc,Indonesia,Asia,South-Eastern Asia
90.44887047,20.4174611,Hemiprocne_coronata,1,0,0,0,0,0,sc,Bangladesh,Asia,Southern Asia
49.35972923,42.95985972,Hieraaetus_pennatus,0,0,0,0,0,0,absence,Russia,Europe,Eastern Europe
102.5208859,8.003928775,Hirundapus_giganteus,0,0,0,0,0,0,absence,Cambodia,Asia,South-Eastern Asia
-77.84759416,3.974898599,Hylocharis_humboldtii,1,0,0,0,0,0,sc,Colombia,Americas,South America
96.21971462,13.46920845,Ichthyophaga_ichthyaetus,0,0,0,0,0,0,absence,India,Asia,Southern Asia
101.1464233,9.215987794,Ictinaetus_malayensis,0,0,0,0,0,0,absence,Cambodia,Asia,South-Eastern Asia
136.2187825,-13.16547844,Irediparra_gallinacea,0,0,0,0,0,0,absence,Australia,Oceania,Australia and New Zealand
40.46758392,15.56611841,Ixobrychus_dubius,0,0,0,0,0,0,absence,Eritrea,Africa,Western Africa
-79.03671416,19.83359985,Ixobrychus_exilis,0,0,0,0,0,0,absence,Panama,Americas,Central America
40.46758392,15.56611841,Ixobrychus_minutus,0,0,0,0,0,0,absence,Eritrea,Africa,Western Africa
104.9630892,7.467914484,Ketupa_ketupu,0,0,0,0,0,0,absence,Malaysia,Asia,South-Eastern Asia
89.15535242,20.940891,Ketupa_zeylonensis,0,0,0,0,0,0,absence,Bangladesh,Asia,Southern Asia
105.891078,6.958147331,Lacedo_pulchella,1,1,0,1,1,2,multi,Viet Nam,Asia,South-Eastern Asia
-74.54994162,-19.87453721,Larosterna_inca,0,0,0,0,0,0,absence,High Sea,NA,NA
19.02574904,61.2527965,Larus_argentatus,0,0,0,0,0,0,absence,Sweden,Europe,Northern Europe
-63.78070678,-41.97102458,Larus_atlanticus,0,0,0,0,0,0,absence,High Sea,NA,NA
-79.90077993,30.00277665,Larus_atricilla,0,0,0,0,0,0,absence,Panama,Americas,Central America
5.501797789,37.53150704,Larus_audouinii,0,0,0,0,0,0,absence,Algeria,Africa,Northern Africa
88.96703845,18.89115827,Larus_brunnicephalus,0,0,0,0,0,0,absence,Bangladesh,Asia,Southern Asia
10.52197634,-17.26402079,Larus_cirrocephalus,0,0,0,0,0,0,absence,High Sea,NA,NA
133.2285254,42.06960333,Larus_crassirostris,0,0,0,0,0,0,absence,Australia,Oceania,Australia and New Zealand
-18.77108535,-39.91449744,Larus_dominicanus,0,0,0,0,0,0,absence,High Sea,NA,NA
-154.9579763,56.64698054,Larus_glaucescens,0,0,0,0,0,0,absence,United States,Americas,Northern America
-150.5288938,75.39435503,Larus_hyperboreus,0,0,0,0,0,0,absence,United States,Americas,Northern America
40.52845009,16.88932938,Larus_leucophthalmus,0,0,0,0,0,0,absence,Eritrea,Africa,Western Africa
-112.6485467,28.54893061,Larus_livens,0,0,0,0,0,0,absence,Mexico,Americas,Central America
-28.82675457,55.30758273,Larus_marinus,0,0,0,0,0,0,absence,High Sea,NA,NA
11.34835105,41.5248287,Larus_michahellis,0,0,0,0,0,0,absence,Italy,Europe,Southern Europe
134.0145388,-35.02693466,Larus_pacificus,0,0,0,0,0,0,absence,Australia,Oceania,Australia and New Zealand
-70.20985051,-20.17553332,Larus_serranus,0,0,0,0,0,0,absence,Chile,Americas,South America
-78.91833507,7.885739109,Laterallus_albigularis,0,0,0,0,0,0,absence,Panama,Americas,Central America
-90.83761778,-0.625358791,Laterallus_spilonotus,0,0,0,0,0,0,absence,Ecuador,Americas,South America
133.0207308,-32.14457891,Leipoa_ocellata,0,0,0,0,0,0,absence,Australia,Oceania,Australia and New Zealand
-74.48216827,10.80492194,Lepidopyga_lilliae,1,0,0,0,0,0,sc,Colombia,Americas,South America
103.4244205,7.335534563,Leptoptilos_javanicus,0,0,0,0,0,0,absence,Cambodia,Asia,South-Eastern Asia
-83.15343824,11.88159922,Leptotila_cassinii,1,0,0,0,0,0,sc,Nicaragua,Americas,Central America
-87.44643561,19.35457517,Leptotila_jamaicensis,1,0,0,0,0,0,sc,Belize,Americas,Central America
-61.74053188,12.06150223,Leptotila_wellsi,0,0,0,0,0,0,absence,Grenada,Americas,Caribbean
-176.3491383,-44.01142795,Leucocarbo_onslowi,1,0,0,0,0,0,sc,New Zealand,Oceania,Australia and New Zealand
-77.67566087,4.360034725,Leucopternis_plumbeus,0,0,0,0,0,0,absence,Colombia,Americas,South America
-78.7481497,3.022046871,Leucopternis_princeps,0,0,0,0,0,0,absence,Colombia,Americas,South America
-79.80545934,8.430901208,Leucopternis_semiplumbeus,0,0,0,0,0,0,absence,Panama,Americas,Central America
121.8024068,15.54330537,Lewinia_mirifica,0,0,0,0,0,0,absence,Philippines,Asia,South-Eastern Asia
166.0391357,-50.84982656,Lewinia_muelleri,0,0,0,0,0,0,absence,New Zealand,Oceania,Australia and New Zealand
102.6772292,10.26510942,Lophotriorchis_kienerii,0,0,0,0,0,0,absence,Cambodia,Asia,South-Eastern Asia
108.8433412,1.499166201,Lophura_ignita,1,0,0,0,0,0,sc,Indonesia,Asia,South-Eastern Asia
108.8433412,1.499166201,Lophura_rufa,1,0,0,0,0,0,sc,Indonesia,Asia,South-Eastern Asia
125.5379667,3.562463417,Loriculus_catamene,1,0,1,0,1,1,green,Indonesia,Asia,South-Eastern Asia
108.1722545,1.047945241,Loriculus_galgulus,1,1,1,0,1,2,multi,Indonesia,Asia,South-Eastern Asia
124.4333021,-1.707395767,Loriculus_sclateri,1,0,1,0,1,1,green,Indonesia,Asia,South-Eastern Asia
160.8347734,-9.751211005,Lorius_chlorocercus,1,1,1,1,1,3,multi,Solomon Islands,Oceania,Melanesia
150.6275055,-6.310226526,Lorius_hypoinochrous,1,1,1,1,1,3,multi,Papua New Guinea,Oceania,Melanesia
-164.2044994,-83.39051342,Lugensa_brevirostris,0,0,0,0,0,0,absence,Antarctica,Antarctica,NA
-170.9420881,-16.51932353,Macronectes_giganteus,0,0,0,0,0,0,absence,American Samoa,Oceania,Polynesia
141.6663378,-12.0776713,Macropygia_amboinensis,1,0,0,0,0,0,sc,Northern Mariana Islands,Oceania,Micronesia
159.7465284,-9.671064722,Macropygia_mackinlayi,0,0,0,0,0,0,absence,Solomon Islands,Oceania,Melanesia
107.7062701,5.956476248,Macropygia_ruficeps,1,0,0,0,0,0,sc,Indonesia,Asia,South-Eastern Asia
-82.00041599,9.560487831,Malacoptila_panamensis,0,0,0,0,0,0,absence,Panama,Americas,Central America
124.6329468,8.578868396,Mearnsia_picina,0,0,0,0,0,0,absence,Indonesia,Asia,South-Eastern Asia
121.9037238,7.09352215,Megapodius_cumingii,0,0,0,0,0,0,absence,Philippines,Asia,South-Eastern Asia
139.703188,11.48026929,Megapodius_laperouse,0,0,0,0,0,0,absence,Australia,Oceania,Australia and New Zealand
167.4598617,-15.74749355,Megapodius_layardi,0,0,0,0,0,0,absence,Vanuatu,Oceania,Melanesia
-175.3825703,-16.34423261,Megapodius_pritchardii,0,0,0,0,0,0,absence,Tonga,Oceania,Polynesia
139.4444022,-9.845786325,Megapodius_reinwardt,0,0,0,0,0,0,absence,Australia,Oceania,Australia and New Zealand
-88.97970232,13.3234236,Megascops_cooperi,0,0,0,0,0,0,absence,El Salvador,Americas,Central America
108.0810304,1.079705554,Meiglyptes_tristis,0,0,0,0,0,0,absence,Indonesia,Asia,South-Eastern Asia
108.1589572,1.193272589,Meiglyptes_tukki,0,0,0,0,0,0,absence,Indonesia,Asia,South-Eastern Asia
-97.14315013,23.67299613,Melanerpes_aurifrons,0,0,0,0,0,0,absence,Mexico,Americas,Central America
-31.13415839,65.57936069,Melanitta_americana,0,0,0,0,0,0,absence,High Sea,NA,NA
-31.13415839,65.57936069,Melanitta_nigra,0,0,0,0,0,0,absence,High Sea,NA,NA
108.2290286,0.516041248,Melanoperdix_niger,0,0,0,0,0,0,absence,Indonesia,Asia,South-Eastern Asia
-71.85297996,-24.72118284,Merganetta_armata,1,0,0,0,0,0,sc,Chile,Americas,South America
109.8332952,11.01717687,Merops_americanus,1,1,1,0,1,2,multi,Viet Nam,Asia,South-Eastern Asia
96.8969278,16.69956162,Merops_leschenaulti,1,1,1,0,1,2,multi,India,Asia,Southern Asia
109.8332952,11.01717687,Merops_viridis,1,1,1,0,1,2,multi,Viet Nam,Asia,South-Eastern Asia
66.90029447,0.807209301,Mesophoyx_intermedia,0,0,0,0,0,0,absence,High Sea,NA,NA
88.82091215,19.33101205,Metopidius_indicus,1,0,0,0,0,0,sc,Bangladesh,Asia,Southern Asia
-77.59445842,2.875280969,Micrastur_plumbeus,0,0,0,0,0,0,absence,Colombia,Americas,South America
123.1211991,11.96211319,Microhierax_erythrogenys,1,0,0,0,0,0,sc,Philippines,Asia,South-Eastern Asia
107.6318702,0.421877639,Microhierax_fringillarius,1,0,0,0,0,0,sc,Indonesia,Asia,South-Eastern Asia
157.1177233,-7.261889754,Micropsitta_finschii,1,1,1,0,1,2,multi,Solomon Islands,Oceania,Melanesia
147.4089878,-1.99939637,Micropsitta_meeki,1,0,1,0,1,1,green,Papua New Guinea,Oceania,Melanesia
-20.26660275,54.88880623,Morus_bassanus,0,0,0,0,0,0,absence,High Sea,NA,NA
152.6357892,-39.7285752,Morus_serrator,0,0,0,0,0,0,absence,Papua New Guinea,Oceania,Melanesia
152.6357892,-39.7285752,Mulleripicus_fuliginosus,0,0,0,0,0,0,absence,Papua New Guinea,Oceania,Melanesia
104.1705115,3.208766559,Mycteria_cinerea,0,0,0,0,0,0,absence,Malaysia,Asia,South-Eastern Asia
-77.18390486,3.906652179,Neocrex_colombiana,0,0,0,0,0,0,absence,Colombia,Americas,South America
127.7844508,-32.10800695,Neophema_elegans,1,1,1,0,1,2,multi,Indonesia,Asia,South-Eastern Asia
126.1086057,-33.44531566,Neophema_petrophila,1,1,1,0,1,2,multi,Australia,Oceania,Australia and New Zealand
-156.3635392,-0.97040449,Nesofregetta_fuliginosa,0,0,0,0,0,0,absence,Kiribati,Oceania,Micronesia
11.78915118,-12.98351895,Netta_erythrophthalma,0,0,0,0,0,0,absence,Angola,Africa,Middle Africa
121.6230528,-0.660563456,Ninox_ios,0,0,0,0,0,0,absence,Philippines,Asia,South-Eastern Asia
158.467185,-8.068178772,Ninox_jacquinoti,0,0,0,0,0,0,absence,Solomon Islands,Oceania,Melanesia
105.642605,-10.48825251,Ninox_natalis,0,0,0,0,0,0,absence,Australia,Oceania,Australia and New Zealand
128.484306,-1.864589099,Ninox_squamipila,0,0,0,0,0,0,absence,Indonesia,Asia,South-Eastern Asia
150.87328,-5.11997374,Ninox_variegata,0,0,0,0,0,0,absence,Papua New Guinea,Oceania,Melanesia
104.8866995,3.939797295,Nisaetus_alboniger,0,0,0,0,0,0,absence,Malaysia,Asia,South-Eastern Asia
94.68452613,12.66993694,Nisaetus_cirrhatus,0,0,0,0,0,0,absence,India,Asia,Southern Asia
143.7481309,50.53962775,Numenius_madagascariensis,0,0,0,0,0,0,absence,Northern Mariana Islands,Oceania,Micronesia
-10.56107956,64.33305312,Numenius_phaeopus,0,0,0,0,0,0,absence,Iceland,Europe,Northern Europe
-81.87057223,19.84000521,Nyctanassa_violacea,0,0,0,0,0,0,absence,Panama,Americas,Central America
-77.73442147,3.631863469,Nyctiphrynus_rosenbergi,0,0,0,0,0,0,absence,Colombia,Americas,South America
107.6099775,1.995537022,Nyctyornis_amictus,1,1,1,1,1,3,multi,Indonesia,Asia,South-Eastern Asia
-80.54079772,-11.27653915,Oceanites_gracilis,0,0,0,0,0,0,absence,Panama,Americas,Central America
175.0787318,-36.25246406,Oceanites_maorianus,0,0,0,0,0,0,absence,New Zealand,Oceania,Australia and New Zealand
-22.45121286,-54.06805526,Oceanites_oceanicus,0,0,0,0,0,0,absence,High Sea,NA,NA
-94.03403863,10.33538984,Oceanodroma_castro,0,0,0,0,0,0,absence,High Sea,NA,NA
-151.7721111,52.68713268,Oceanodroma_furcata,0,0,0,0,0,0,absence,United States,Americas,Northern America
-118.709584,32.80692226,Oceanodroma_homochroa,0,0,0,0,0,0,absence,United States,Americas,Northern America
-77.7760173,-12.25716022,Oceanodroma_markhami,0,0,0,0,0,0,absence,Peru,Americas,South America
141.3545866,24.98834594,Oceanodroma_matsudairae,0,0,0,0,0,0,absence,Northern Mariana Islands,Oceania,Micronesia
126.8425357,33.3595412,Oceanodroma_monorhis,0,0,0,0,0,0,absence,Indonesia,Asia,South-Eastern Asia
-28.25797057,39.39040099,Oceanodroma_monteiroi,0,0,0,0,0,0,absence,Portugal,Europe,Southern Europe
-172.2097229,26.17266133,Oceanodroma_tristrami,0,0,0,0,0,0,absence,United States,Oceania,Polynesia
-82.09060864,10.31470968,Ortalis_cinereiceps,0,0,0,0,0,0,absence,Panama,Americas,Central America
-92.88534135,19.29861805,Ortalis_vetula,0,0,0,0,0,0,absence,Mexico,Americas,Central America
-62.01594365,15.70295736,Orthorhyncus_cristatus,1,0,0,0,0,0,sc,Montserrat,Americas,Caribbean
125.5379667,3.562463417,Otus_collari,0,0,0,0,0,0,absence,Indonesia,Asia,South-Eastern Asia
126.8945117,25.79786125,Otus_elegans,0,0,0,0,0,0,absence,Indonesia,Asia,South-Eastern Asia
124.7054265,-5.700363863,Otus_magicus,0,0,0,0,0,0,absence,Indonesia,Asia,South-Eastern Asia
121.4677177,11.72315751,Otus_mantananensis,0,0,0,0,0,0,absence,Philippines,Asia,South-Eastern Asia
123.1953383,11.89344797,Otus_megalotis,0,0,0,0,0,0,absence,Philippines,Asia,South-Eastern Asia
99.33466805,-1.863296736,Otus_mendeni,0,0,0,0,0,0,absence,Indonesia,Asia,South-Eastern Asia
99.33466805,-1.863296736,Otus_mentawi,0,0,0,0,0,0,absence,Indonesia,Asia,South-Eastern Asia
99.95231199,9.467193019,Otus_sagittatus,0,0,0,0,0,0,absence,Thailand,Asia,South-Eastern Asia
124.7054265,-5.700363863,Otus_sulaensis,0,0,0,0,0,0,absence,Indonesia,Asia,South-Eastern Asia
124.7054265,-5.700363863,Otus_tempestatis,0,0,0,0,0,0,absence,Indonesia,Asia,South-Eastern Asia
20.18696387,-46.85270239,Pachyptila_belcheri,0,0,0,0,0,0,absence,French Southern and Antarctic Lands,Antarctica,NA
152.2636623,-49.60493708,Pachyptila_crassirostris,0,0,0,0,0,0,absence,Papua New Guinea,Oceania,Melanesia
15.60316809,-52.62634176,Pachyptila_desolata,0,0,0,0,0,0,absence,French Southern and Antarctic Lands,Antarctica,NA
104.1282583,-47.11461968,Pachyptila_salvini,0,0,0,0,0,0,absence,High Sea,NA,NA
135.9047604,-44.8375843,Pachyptila_turtur,0,0,0,0,0,0,absence,Australia,Oceania,Australia and New Zealand
81.5986897,-41.78107848,Pachyptila_vittata,0,0,0,0,0,0,absence,Sri Lanka,Asia,Southern Asia
-29.39762431,-64.96299489,Pagodroma_nivea,0,0,0,0,0,0,absence,Antarctica,Antarctica,NA
-95.3610792,19.37305138,Patagioenas_flavirostris,0,0,0,0,0,0,absence,Mexico,Americas,Central America
-73.38749926,19.07066029,Patagioenas_inornata,0,0,0,0,0,0,absence,Haiti,Americas,Caribbean
93.12835777,18.73105758,Pelargopsis_amauroptera,1,1,1,0,1,2,multi,India,Asia,Southern Asia
95.8329729,11.26671614,Pelargopsis_capensis,1,1,1,0,1,2,multi,India,Asia,Southern Asia
-75.15181816,-17.49369655,Pelecanoides_garnotii,0,0,0,0,0,0,absence,High Sea,NA,NA
33.67771112,-50.94875185,Pelecanoides_georgicus,0,0,0,0,0,0,absence,French Southern and Antarctic Lands,Antarctica,NA
65.07852165,-46.80134758,Pelecanoides_urinatrix,0,0,0,0,0,0,absence,French Southern and Antarctic Lands,Antarctica,NA
-84.6739633,17.47275593,Pelecanus_occidentalis,0,0,0,0,0,0,absence,Honduras,Americas,Central America
37.22971667,24.57563522,Pelecanus_onocrotalus,0,0,0,0,0,0,absence,Saudi Arabia,Asia,Western Asia
84.62417138,18.53512976,Pelecanus_philippensis,0,0,0,0,0,0,absence,Sri Lanka,Asia,Southern Asia
-77.71746095,2.702598709,Penelope_ortoni,0,0,0,0,0,0,absence,Colombia,Americas,South America
122.8543386,10.76434744,Penelopides_panini,1,0,0,0,0,0,sc,Philippines,Asia,South-Eastern Asia
122.3078447,6.634208677,Pernis_celebensis,0,0,0,0,0,0,absence,Philippines,Asia,South-Eastern Asia
121.8476069,15.68199713,Phaenicophaeus_cumingi,1,0,0,0,0,0,sc,Philippines,Asia,South-Eastern Asia
108.2196058,0.692348513,Phaenicophaeus_javanicus,1,0,0,0,0,0,sc,Indonesia,Asia,South-Eastern Asia
122.0466987,15.48771829,Phaenicophaeus_superciliosus,1,0,0,0,0,0,sc,Philippines,Asia,South-Eastern Asia
-83.5656548,12.5471944,Phaeochroa_cuvierii,1,0,0,0,0,0,sc,Nicaragua,Americas,Central America
93.1538875,-9.307083314,Phaethon_lepturus,0,0,0,0,0,0,absence,India,Asia,Southern Asia
-82.40903011,10.74973882,Phaethornis_striigularis,1,0,0,0,0,0,sc,Panama,Americas,Central America
-72.34689281,-25.95547031,Phalacrocorax_bougainvillii,1,0,0,0,0,0,sc,High Sea,NA,NA
124.8018331,39.38263951,Phalacrocorax_capillatus,1,0,0,0,0,0,sc,Indonesia,Asia,South-Eastern Asia
76.75826283,8.321524989,Phalacrocorax_carbo,1,0,0,0,0,0,sc,Sri Lanka,Asia,Southern Asia
174.1512047,-40.9516861,Phalacrocorax_carunculatus,1,0,0,0,0,0,sc,New Zealand,Oceania,Australia and New Zealand
-68.98510257,-52.4820296,Phalacrocorax_magellanicus,1,0,0,0,0,0,sc,High Sea,NA,NA
16.61699614,-28.97323063,Phalacrocorax_neglectus,1,0,0,0,0,0,sc,Namibia,Africa,Southern Africa
87.78985868,20.48870522,Phalacrocorax_niger,1,0,0,0,0,0,sc,Bangladesh,Asia,Southern Asia
52.64495734,24.61672975,Phalacrocorax_nigrogularis,1,0,0,0,0,0,sc,United Arab Emirates,Asia,Western Asia
173.091813,-42.9266619,Phalacrocorax_punctatus,1,0,0,0,0,0,sc,New Zealand,Oceania,Australia and New Zealand
49.60133565,42.08807466,Phalacrocorax_pygmaeus,1,0,0,0,0,0,sc,Russia,Europe,Eastern Europe
179.0759357,-47.70840193,Phalacrocorax_ranfurlyi,1,0,0,0,0,0,sc,New Zealand,Oceania,Australia and New Zealand
-155.7034615,55.13796789,Phalacrocorax_urile,1,0,0,0,0,0,sc,United States,Americas,Northern America
11.74875263,70.18761038,Phalaropus_fulicarius,0,0,0,0,0,0,absence,Norway,Europe,Northern Europe
-26.32780199,66.3344443,Phalaropus_lobatus,0,0,0,0,0,0,absence,Iceland,Europe,Northern Europe
-63.66325578,-53.46791694,Phalcoboenus_australis,0,0,0,0,0,0,absence,High Sea,NA,NA
137.991959,-35.48582024,Phaps_elegans,1,0,0,0,0,0,sc,Australia,Oceania,Australia and New Zealand
131.7907633,28.08770932,Phoebastria_albatrus,0,0,0,0,0,0,absence,Australia,Oceania,Australia and New Zealand
-155.3707724,22.32654774,Phoebastria_immutabilis,0,0,0,0,0,0,absence,United States,Americas,Northern America
-85.9867641,-1.344917045,Phoebastria_irrorata,0,0,0,0,0,0,absence,Costa Rica,Americas,Central America
161.106587,28.13475263,Phoebastria_nigripes,0,0,0,0,0,0,absence,United States Minor Outlying Islands,Americas,Micronesia
59.07289281,-47.8300066,Phoebetria_fusca,0,0,0,0,0,0,absence,French Southern and Antarctic Lands,Antarctica,NA
41.89685426,-50.9992224,Phoebetria_palpebrata,0,0,0,0,0,0,absence,French Southern and Antarctic Lands,Antarctica,NA
-75.17173243,18.30832857,Phoenicopterus_ruber,0,0,0,0,0,0,absence,Haiti,Americas,Caribbean
-55.91811727,5.736281968,Picumnus_minutissimus,0,0,0,0,0,0,absence,High Sea,NA,NA
-78.70022268,7.539378192,Picumnus_olivaceus,0,0,0,0,0,0,absence,Colombia,Americas,South America
-80.13640774,-3.247364377,Picumnus_sclateri,0,0,0,0,0,0,absence,Panama,Americas,Central America
93.92687249,19.4488828,Picus_chlorolophus,0,0,0,0,0,0,absence,India,Asia,Southern Asia
108.9268418,1.324287326,Picus_mineaceus,0,0,0,0,0,0,absence,Indonesia,Asia,South-Eastern Asia
108.685679,0.980092186,Picus_puniceus,0,0,0,0,0,0,absence,Indonesia,Asia,South-Eastern Asia
105.9895847,18.55890497,Picus_rabieri,0,0,0,0,0,0,absence,Viet Nam,Asia,South-Eastern Asia
96.806757,15.88910699,Picus_viridanus,0,0,0,0,0,0,absence,India,Asia,Southern Asia
122.8459852,35.61543217,Platalea_minor,0,0,0,0,0,0,absence,Philippines,Asia,South-Eastern Asia
30.19525437,70.61352035,Pluvialis_squatarola,0,0,0,0,0,0,absence,Norway,Europe,Northern Europe
20.91718353,58.31199378,Podiceps_auritus,0,0,0,0,0,0,absence,Estonia,Europe,Eastern Europe
23.7318265,57.80078675,Podiceps_grisegena,0,0,0,0,0,0,absence,Latvia,Europe,Eastern Europe
10.67946554,40.25736835,Podiceps_nigricollis,0,0,0,0,0,0,absence,High Sea,NA,NA
-79.88485118,10.91012668,Podilymbus_podiceps,0,0,0,0,0,0,absence,Panama,Americas,Central America
85.54153139,-3.437351284,Porphyrio_indicus,1,1,0,0,1,1,blue,Bangladesh,Asia,Southern Asia
85.54153139,-3.437351284,Porphyrio_madagascariensis,1,1,1,0,1,2,multi,Bangladesh,Asia,Southern Asia
85.54153139,-3.437351284,Porphyrio_melanotus,1,1,0,0,1,1,blue,Bangladesh,Asia,Southern Asia
85.54153139,-3.437351284,Porphyrio_poliocephalus,1,1,1,0,1,2,multi,Bangladesh,Asia,Southern Asia
85.54153139,-3.437351284,Porphyrio_porphyrio,1,1,0,0,1,1,blue,Bangladesh,Asia,Southern Asia
85.54153139,-3.437351284,Porphyrio_pulverulentus,1,1,0,0,1,1,blue,Bangladesh,Asia,Southern Asia
124.8174161,-3.654182872,Porzana_cinerea,0,0,0,0,0,0,absence,Indonesia,Asia,South-Eastern Asia
63.04765417,20.69585857,Porzana_pusilla,0,0,0,0,0,0,absence,Ethiopia,Africa,Eastern Africa
122.1839353,0.348699647,Prioniturus_flavicans,1,1,1,0,1,2,multi,Philippines,Asia,South-Eastern Asia
118.7136303,9.956005055,Prioniturus_platenae,1,1,1,0,1,2,multi,Indonesia,Asia,South-Eastern Asia
-111.6524703,-56.16122272,Procellaria_aequinoctialis,0,0,0,0,0,0,absence,Chile,Americas,South America
2.650698935,-51.80221736,Procellaria_cinerea,0,0,0,0,0,0,absence,Norway,Europe,Northern Europe
-16.75118438,-32.47594141,Procellaria_conspicillata,0,0,0,0,0,0,absence,Saint Helena,Africa,Western Africa
-132.3223241,-7.151564003,Procellaria_parkinsoni,0,0,0,0,0,0,absence,High Sea,NA,NA
-133.3307326,-44.43100051,Procellaria_westlandica,0,0,0,0,0,0,absence,High Sea,NA,NA
-152.9583192,-13.83202036,Procelsterna_cerulea,0,0,0,0,0,0,absence,French Polynesia,Oceania,Polynesia
110.0477326,7.41968493,Pseudibis_davisoni,1,0,0,0,0,0,sc,Indonesia,Asia,South-Eastern Asia
56.00745669,-21.31302228,Pseudobulweria_aterrima,0,0,0,0,0,0,absence,Seychelles,Africa,Eastern Africa
153.3098917,-4.705468291,Pseudobulweria_becki,0,0,0,0,0,0,absence,Papua New Guinea,Oceania,Melanesia
178.7510984,-17.81366615,Pseudobulweria_macgillivrayi,0,0,0,0,0,0,absence,Fiji,Oceania,Melanesia
-150.9290732,-8.469679357,Pseudobulweria_rostrata,0,0,0,0,0,0,absence,French Polynesia,Oceania,Polynesia
90.63341188,18.07715349,Psilopogon_haemacephalus,1,1,1,0,1,2,multi,Bangladesh,Asia,Southern Asia
108.8085939,0.617770503,Psilopogon_henricii,1,1,1,0,1,2,multi,Indonesia,Asia,South-Eastern Asia
108.0716202,1.417306337,Psilopogon_mystacophanos,1,1,1,0,1,2,multi,Indonesia,Asia,South-Eastern Asia
53.48226098,39.88383356,Pterocles_orientalis,0,0,0,0,0,0,absence,Iran (Islamic Republic of),Asia,Southern Asia
-157.7604718,-10.28190377,Pterodroma_alba,0,0,0,0,0,0,absence,Kiribati,Oceania,Micronesia
-29.74583813,-25.69236777,Pterodroma_arminjoniana,0,0,0,0,0,0,absence,High Sea,NA,NA
-141.0555025,-19.73533121,Pterodroma_atrata,0,0,0,0,0,0,absence,French Polynesia,Oceania,Polynesia
-175.6383914,-43.21201608,Pterodroma_axillaris,0,0,0,0,0,0,absence,New Zealand,Oceania,Australia and New Zealand
85.67348014,-17.25027808,Pterodroma_baraui,0,0,0,0,0,0,absence,Bangladesh,Asia,Southern Asia
-154.3809988,-10.04787971,Pterodroma_brevipes,0,0,0,0,0,0,absence,Kiribati,Oceania,Micronesia
-66.33115762,33.61261488,Pterodroma_cahow,0,0,0,0,0,0,absence,High Sea,NA,NA
-165.8325049,8.99804642,Pterodroma_cervicalis,0,0,0,0,0,0,absence,Marshall Islands,Oceania,Micronesia
101.0407193,-27.81668376,Pterodroma_cookii,0,0,0,0,0,0,absence,High Sea,NA,NA
-85.323132,-25.67555117,Pterodroma_defilippiana,0,0,0,0,0,0,absence,Costa Rica,Americas,Central America
-117.9826555,-3.298966978,Pterodroma_externa,0,0,0,0,0,0,absence,Ecuador,Americas,South America
-34.53525165,28.83265637,Pterodroma_feae,0,0,0,0,0,0,absence,High Sea,NA,NA
-65.57613112,21.64872054,Pterodroma_hasitata,0,0,0,0,0,0,absence,High Sea,NA,NA
-133.6145866,-18.15909131,Pterodroma_heraldica,0,0,0,0,0,0,absence,French Polynesia,Oceania,Polynesia
163.4262865,28.11690561,Pterodroma_hypoleuca,0,0,0,0,0,0,absence,Japan,Asia,Eastern Asia
-23.78446427,-38.07218973,Pterodroma_incerta,0,0,0,0,0,0,absence,High Sea,NA,NA
65.75789223,-41.96347385,Pterodroma_inexpectata,0,0,0,0,0,0,absence,French Southern and Antarctic Lands,Antarctica,NA
-170.8008379,-50.72108813,Pterodroma_lessonii,0,0,0,0,0,0,absence,New Zealand,Oceania,Australia and New Zealand
-157.9248539,-15.36942048,Pterodroma_leucoptera,0,0,0,0,0,0,absence,Cook Islands,Oceania,Polynesia
-152.3810399,11.42939623,Pterodroma_longirostris,0,0,0,0,0,0,absence,High Sea,NA,NA
86.31197855,-46.41161907,Pterodroma_macroptera,0,0,0,0,0,0,absence,Bangladesh,Asia,Southern Asia
-17.23323263,31.89001305,Pterodroma_madeira,0,0,0,0,0,0,absence,Spain,Europe,Southern Europe
-168.8109879,-49.24014215,Pterodroma_magentae,0,0,0,0,0,0,absence,High Sea,NA,NA
54.94428733,-44.64143535,Pterodroma_mollis,0,0,0,0,0,0,absence,French Southern and Antarctic Lands,Antarctica,NA
-75.87413369,-32.3072714,Pterodroma_neglecta,0,0,0,0,0,0,absence,High Sea,NA,NA
-100.7114836,-1.077645852,Pterodroma_phaeopygia,0,0,0,0,0,0,absence,Ecuador,Americas,South America
-145.894816,15.94467067,Pterodroma_sandwichensis,0,0,0,0,0,0,absence,Northern Mariana Islands,Oceania,Micronesia
178.2216546,13.55414138,Pterodroma_solandri,0,0,0,0,0,0,absence,High Sea,NA,NA
-130.6964323,0.511461567,Pterodroma_ultima,0,0,0,0,0,0,absence,Pitcairn Islands,Oceania,Polynesia
-149.9243074,-17.43469008,Ptilinopus_chrysogaster,0,0,0,0,0,0,absence,French Polynesia,Oceania,Polynesia
125.774176,-10.0284996,Ptilinopus_cinctus,0,0,0,0,0,0,absence,Indonesia,Asia,South-Eastern Asia
-143.6596151,-16.85441887,Ptilinopus_coralensis,0,0,0,0,0,0,absence,French Polynesia,Oceania,Polynesia
-139.5118081,-9.439179814,Ptilinopus_dupetithouarsii,0,0,0,0,0,0,absence,French Polynesia,Oceania,Polynesia
166.4421225,-19.11090426,Ptilinopus_greyi,0,0,0,0,0,0,absence,Vanuatu,Oceania,Melanesia
-144.3452946,-27.60862748,Ptilinopus_huttoni,0,0,0,0,0,0,absence,French Polynesia,Oceania,Polynesia
122.8310191,12.11520766,Ptilinopus_leclancheri,0,0,0,0,0,0,absence,Philippines,Asia,South-Eastern Asia
143.5142112,-11.16489452,Ptilinopus_magnificus,0,0,0,0,0,0,absence,Northern Mariana Islands,Oceania,Micronesia
119.0759027,-2.053054132,Ptilinopus_melanospilus,0,0,0,0,0,0,absence,Indonesia,Asia,South-Eastern Asia
121.7759872,15.22621209,Ptilinopus_merrilli,0,0,0,0,0,0,absence,Philippines,Asia,South-Eastern Asia
-177.5353436,-14.22523854,Ptilinopus_porphyraceus,0,0,0,0,0,0,absence,New Zealand,Oceania,Australia and New Zealand
-149.9243074,-17.43469008,Ptilinopus_purpuratus,0,0,0,0,0,0,absence,French Polynesia,Oceania,Polynesia
-159.0098543,-20.66303632,Ptilinopus_rarotongensis,0,0,0,0,0,0,absence,Cook Islands,Oceania,Polynesia
160.4048404,-11.51313948,Ptilinopus_richardsii,0,0,0,0,0,0,absence,Solomon Islands,Oceania,Melanesia
145.5655045,14.84155121,Ptilinopus_roseicapilla,0,0,0,0,0,0,absence,Northern Mariana Islands,Oceania,Micronesia
151.9408767,-5.900851076,Ptilinopus_solomonensis,0,0,0,0,0,0,absence,Papua New Guinea,Oceania,Melanesia
167.7116487,-16.23043647,Ptilinopus_tannensis,0,0,0,0,0,0,absence,Vanuatu,Oceania,Melanesia
133.0175729,-6.704390929,Ptilinopus_wallacii,0,0,0,0,0,0,absence,Australia,Oceania,Australia and New Zealand
-148.2411786,48.57165355,Ptychoramphus_aleuticus,0,0,0,0,0,0,absence,Canada,Americas,Northern America
178.5864529,-32.31003338,Puffinus_assimilis,0,0,0,0,0,0,absence,New Zealand,Oceania,Australia and New Zealand
-107.9575425,16.25681039,Puffinus_auricularis,0,0,0,0,0,0,absence,Mexico,Americas,Central America
178.5864529,-32.31003338,Puffinus_boydi,0,0,0,0,0,0,absence,New Zealand,Oceania,Australia and New Zealand
-151.1920621,5.111327454,Puffinus_bulleri,0,0,0,0,0,0,absence,Kiribati,Oceania,Micronesia
144.7607265,2.712967988,Puffinus_carneipes,0,0,0,0,0,0,absence,Northern Mariana Islands,Oceania,Micronesia
-113.012519,20.12122654,Puffinus_creatopus,0,0,0,0,0,0,absence,Mexico,Americas,Central America
178.5864529,-32.31003338,Puffinus_elegans,0,0,0,0,0,0,absence,New Zealand,Oceania,Australia and New Zealand
158.9407283,-41.10774401,Puffinus_gavia,0,0,0,0,0,0,absence,High Sea,NA,NA
-32.07138973,11.91851501,Puffinus_gravis,0,0,0,0,0,0,absence,High Sea,NA,NA
169.3851157,-39.06537901,Puffinus_griseus,0,0,0,0,0,0,absence,New Zealand,Oceania,Australia and New Zealand
151.0267296,-5.147680635,Puffinus_heinrothi,0,0,0,0,0,0,absence,Papua New Guinea,Oceania,Melanesia
155.3442235,-35.79584292,Puffinus_huttoni,0,0,0,0,0,0,absence,Australia,Oceania,Australia and New Zealand
-68.64014311,18.99345773,Puffinus_lherminieri,0,0,0,0,0,0,absence,Dominican Republic,Americas,Caribbean
-152.0548093,12.464623,Puffinus_myrtae,0,0,0,0,0,0,absence,High Sea,NA,NA
-146.5211823,-8.508616759,Puffinus_nativitatis,0,0,0,0,0,0,absence,French Polynesia,Oceania,Polynesia
-152.0548093,12.464623,Puffinus_newelli,0,0,0,0,0,0,absence,High Sea,NA,NA
-115.9539157,29.08787488,Puffinus_opisthomelas,0,0,0,0,0,0,absence,Mexico,Americas,Central America
157.3366448,-0.37714578,Puffinus_pacificus,0,0,0,0,0,0,absence,Solomon Islands,Oceania,Melanesia
-28.35756559,24.8867166,Puffinus_puffinus,0,0,0,0,0,0,absence,High Sea,NA,NA
-68.64014311,18.99345773,Puffinus_subalaris,0,0,0,0,0,0,absence,Dominican Republic,Americas,Caribbean
161.1451938,-15.2324944,Puffinus_tenuirostris,0,0,0,0,0,0,absence,Vanuatu,Oceania,Melanesia
19.59742473,38.46174773,Puffinus_yelkouan,0,0,0,0,0,0,absence,Greece,Europe,Southern Europe
-39.88823035,-61.32582285,Pygoscelis_antarcticus,1,1,0,0,1,1,blue,Antarctica,Antarctica,NA
-25.5942077,-54.30843114,Pygoscelis_papua,1,1,0,0,1,1,blue,South Georgia South Sandwich Islands,Antarctica,NA
92.82122388,12.54781295,Rallina_canningi,0,0,0,0,0,0,absence,India,Asia,Southern Asia
107.661895,5.508092348,Rallina_fasciata,0,0,0,0,0,0,absence,Indonesia,Asia,South-Eastern Asia
-71.7759722,14.15607969,Rallus_longirostris,0,0,0,0,0,0,absence,High Sea,NA,NA
-71.7759722,14.15607969,Rallus_obsoletus,0,0,0,0,0,0,absence,Haiti,Americas,Caribbean
-68.10747794,10.69910242,Rallus_wetmorei,0,0,0,0,0,0,absence,Venezuela,Americas,South America
-77.97980784,2.901725278,Ramphastos_brevis,1,0,0,0,0,0,sc,Colombia,Americas,South America
-45.86114572,-24.03428541,Ramphodon_naevius,1,0,0,0,0,0,sc,Brazil,Americas,South America
108.3745252,0.508034836,Reinwardtipicus_validus,0,0,0,0,0,0,absence,Indonesia,Asia,South-Eastern Asia
150.5854787,-4.865778538,Reinwardtoena_browni,0,0,0,0,0,0,absence,Papua New Guinea,Oceania,Melanesia
108.3482483,-0.098966905,Rhaphidura_leucopygialis,0,0,0,0,0,0,absence,Indonesia,Asia,South-Eastern Asia
108.8667762,1.670293801,Rhinoplax_vigil,0,0,0,0,0,0,absence,Indonesia,Asia,South-Eastern Asia
104.9210755,1.480370991,Rhizothera_dulitensis,0,0,0,0,0,0,absence,Malaysia,Asia,South-Eastern Asia
104.9210755,1.480370991,Rhizothera_longirostris,0,0,0,0,0,0,absence,Malaysia,Asia,South-Eastern Asia
-81.02967346,9.478380363,Rhynchortyx_cinctus,0,0,0,0,0,0,absence,Panama,Americas,Central America
178.0434523,55.07557633,Rissa_brevirostris,0,0,0,0,0,0,absence,Russia,Europe,Eastern Europe
52.83083615,6.034746651,Rostratula_benghalensis,1,0,0,0,0,0,sc,Somalia,Africa,Eastern Africa
1.622689238,-4.50405367,Sarkidiornis_melanotos,1,0,0,0,0,0,sc,High Sea,NA,NA
1.622689238,-4.50405367,Sarkidiornis_sylvicola,1,0,0,0,0,0,sc,High Sea,NA,NA
109.0465837,1.719507629,Sasia_abnormis,0,0,0,0,0,0,absence,Indonesia,Asia,South-Eastern Asia
122.6042586,13.8368367,Scolopax_bukidnonensis,0,0,0,0,0,0,absence,Philippines,Asia,South-Eastern Asia
128.5609227,27.24380747,Scolopax_mira,0,0,0,0,0,0,absence,Japan,Asia,Eastern Asia
127.6498863,-1.234811909,Scolopax_rochussenii,0,0,0,0,0,0,absence,Indonesia,Asia,South-Eastern Asia
-122.3112879,38.09083746,Selasphorus_sasin,1,0,0,0,0,0,sc,United States,Americas,Northern America
-81.87051362,10.73217612,Selenidera_spectabilis,0,0,0,0,0,0,absence,Panama,Americas,Central America
-129.1376562,73.65913941,Somateria_spectabilis,1,0,0,0,0,0,sc,Canada,Americas,Northern America
-72.66309499,-26.08864223,Spheniscus_humboldti,0,0,0,0,0,0,absence,Chile,Americas,South America
-126.514808,50.77171481,Sphyrapicus_ruber,0,0,0,0,0,0,absence,Canada,Americas,Northern America
123.0780273,11.86740592,Spilornis_holospilus,0,0,0,0,0,0,absence,Philippines,Asia,South-Eastern Asia
-5.907231643,70.00726183,Stercorarius_longicaudus,0,0,0,0,0,0,absence,High Sea,NA,NA
-13.9134026,68.93027698,Stercorarius_parasiticus,0,0,0,0,0,0,absence,Greenland,Americas,Northern America
52.95333981,70.81702852,Stercorarius_pomarinus,0,0,0,0,0,0,absence,Russia,Europe,Eastern Europe
179.7976228,56.09814239,Sterna_aleutica,0,0,0,0,0,0,absence,High Sea,NA,NA
83.40485653,7.773583174,Sterna_anaethetus,0,0,0,0,0,0,absence,Sri Lanka,Asia,Southern Asia
140.8392936,-9.573468008,Sterna_bergii,0,0,0,0,0,0,absence,Australia,Oceania,Australia and New Zealand
120.3368847,27.20795811,Sterna_bernsteini,0,0,0,0,0,0,absence,China,Asia,Eastern Asia
82.16569244,5.3792425,Sterna_caspia,0,0,0,0,0,0,absence,Sri Lanka,Asia,Southern Asia
56.13901663,1.451942087,Sterna_dougallii,0,0,0,0,0,0,absence,Seychelles,Africa,Eastern Africa
123.9531788,-9.202203183,Sterna_fuscata,0,0,0,0,0,0,absence,Indonesia,Asia,South-Eastern Asia
-73.78792602,-17.46293286,Sterna_lorata,0,0,0,0,0,0,absence,High Sea,NA,NA
-169.8540785,0.703132869,Sterna_lunata,0,0,0,0,0,0,absence,United States Minor Outlying Islands,Americas,Micronesia
-49.1036214,4.556135391,Sterna_maxima,0,0,0,0,0,0,absence,French Guiana,Americas,South America
159.6802416,-25.39896114,Sterna_nereis,0,0,0,0,0,0,absence,Australia,Oceania,Australia and New Zealand
51.70898161,27.10287157,Sterna_nilotica,0,0,0,0,0,0,absence,Saudi Arabia,Asia,Western Asia
-37.20086486,3.994036394,Sterna_sandvicensis,0,0,0,0,0,0,absence,High Sea,NA,NA
62.2175002,10.78415952,Sterna_saundersi,0,0,0,0,0,0,absence,Somalia,Africa,Eastern Africa
173.0622796,-40.8830891,Sterna_striata,0,0,0,0,0,0,absence,New Zealand,Oceania,Australia and New Zealand
124.0123694,3.276126022,Sterna_sumatrana,0,0,0,0,0,0,absence,Indonesia,Asia,South-Eastern Asia
67.4358491,-49.07994312,Sterna_virgata,0,0,0,0,0,0,absence,French Southern and Antarctic Lands,Antarctica,NA
-39.06532929,-43.9416313,Sterna_vittata,0,0,0,0,0,0,absence,High Sea,NA,NA
119.2453004,3.839580817,Streptopelia_bitorquata,0,0,0,0,0,0,absence,Indonesia,Asia,South-Eastern Asia
-85.13014271,7.098888566,Streptoprocne_rutila,0,0,0,0,0,0,absence,Costa Rica,Americas,Central America
-83.00036295,11.83288377,Strix_nigrolineata,0,0,0,0,0,0,absence,Nicaragua,Americas,Central America
102.6316978,8.299576349,Strix_seloputo,0,0,0,0,0,0,absence,Cambodia,Asia,South-Eastern Asia
-33.98030127,-7.543233491,Sula_dactylatra,0,0,0,0,0,0,absence,High Sea,NA,NA
-90.02529227,8.060937041,Sula_granti,0,0,0,0,0,0,absence,Panama,Americas,Central America
-165.7501305,-1.269911412,Sula_leucogaster,0,0,0,0,0,0,absence,Kiribati,Oceania,Micronesia
-98.31067846,12.43026533,Sula_nebouxii,0,0,0,0,0,0,absence,High Sea,NA,NA
-166.1088304,-10.6899059,Sula_sula,0,0,0,0,0,0,absence,Solomon Islands,Oceania,Melanesia
-75.08254945,-17.35625259,Sula_variegata,0,0,0,0,0,0,absence,High Sea,NA,NA
173.185697,50.4485985,Synthliboramphus_antiquus,0,0,0,0,0,0,absence,New Zealand,Oceania,Australia and New Zealand
-112.8762309,28.53154085,Synthliboramphus_craveri,0,0,0,0,0,0,absence,Mexico,Americas,Central America
-118.4174444,29.53550727,Synthliboramphus_hypoleucus,0,0,0,0,0,0,absence,Mexico,Americas,Central America
-118.4174444,29.53550727,Synthliboramphus_scrippsi,0,0,0,0,0,0,absence,Mexico,Americas,Central America
137.0332706,33.84550646,Synthliboramphus_wumizusume,0,0,0,0,0,0,absence,Australia,Oceania,Australia and New Zealand
-59.38369579,-51.74656635,Tachyeres_brachypterus,0,0,0,0,0,0,absence,High Sea,NA,NA
-65.12162981,-43.77425002,Tachyeres_leucocephalus,0,0,0,0,0,0,absence,High Sea,NA,NA
40.10574116,20.10179388,Tachymarptis_melba,0,0,0,0,0,0,absence,Saudi Arabia,Asia,Western Asia
138.7344122,-13.56023425,Tadorna_radjah,1,0,0,0,0,0,sc,Australia,Oceania,Australia and New Zealand
122.8859733,11.71677402,Tanygnathus_lucionensis,1,1,1,0,1,2,multi,Philippines,Asia,South-Eastern Asia
126.2486926,-4.093228958,Tanygnathus_megalorynchos,1,1,1,0,1,2,multi,Indonesia,Asia,South-Eastern Asia
122.3678838,5.948225304,Tanygnathus_sumatranus,1,1,1,0,1,2,multi,Philippines,Asia,South-Eastern Asia
134.9386928,-2.635396133,Tanysiptera_nympha,1,1,0,1,1,2,multi,Australia,Oceania,Australia and New Zealand
147.4695707,-13.81386041,Tanysiptera_sylvia,1,1,0,0,1,1,blue,Australia,Oceania,Australia and New Zealand
5.229207536,3.320161778,Tauraco_macrorhynchus,0,0,0,0,0,0,absence,Nigeria,Africa,Western Africa
6.462470369,3.949184736,Telacanthura_melanopygia,0,0,0,0,0,0,absence,Nigeria,Africa,Western Africa
167.8420672,-47.26270913,Thalassarche_bulleri,0,0,0,0,0,0,absence,New Zealand,Oceania,Australia and New Zealand
89.13501974,-37.25556716,Thalassarche_cauta,0,0,0,0,0,0,absence,Bangladesh,Asia,Southern Asia
-10.47530907,-39.71980633,Thalassarche_chlororhynchos,0,0,0,0,0,0,absence,Saint Helena,Africa,Western Africa
-176.2453913,-44.43867507,Thalassarche_eremita,0,0,0,0,0,0,absence,New Zealand,Oceania,Australia and New Zealand
-13.32243799,-51.43852002,Thalassarche_melanophris,0,0,0,0,0,0,absence,Saint Helena,Africa,Western Africa
172.5752921,-48.83074392,Thalassarche_salvini,0,0,0,0,0,0,absence,New Zealand,Oceania,Australia and New Zealand
-8.441279616,-64.29433497,Thalassoica_antarctica,0,0,0,0,0,0,absence,Panama,Americas,Central America
-78.05475048,9.908642907,Thalurania_colombica,1,0,0,0,0,0,sc,Colombia,Americas,South America
127.5336417,-34.11307804,Thinornis_cucullatus,0,0,0,0,0,0,absence,Indonesia,Asia,South-Eastern Asia
-177.6161573,-43.15485771,Thinornis_novaeseelandiae,0,0,0,0,0,0,absence,New Zealand,Oceania,Australia and New Zealand
-78.80467793,8.146738915,Threnetes_ruckeri,1,0,0,0,0,0,sc,Panama,Americas,Central America
123.953429,-9.094177195,Todiramphus_australasia,1,1,1,0,1,2,multi,Indonesia,Asia,South-Eastern Asia
144.9080676,9.755606572,Todiramphus_cinnamominus,1,1,1,0,1,2,multi,Northern Mariana Islands,Oceania,Micronesia
-146.3599269,-16.16863453,Todiramphus_gambieri,1,1,1,0,1,2,multi,French Polynesia,Oceania,Polynesia
-139.027441,-9.807684336,Todiramphus_godeffroyi,1,1,0,0,1,1,blue,French Polynesia,Oceania,Polynesia
157.4857559,-7.520012196,Todiramphus_leucopygius,1,1,0,1,1,2,multi,Solomon Islands,Oceania,Melanesia
-172.1674793,-13.73862995,Todiramphus_recurvirostris,1,1,1,0,1,2,multi,American Samoa,Oceania,Polynesia
-150.9296256,-17.83628716,Todiramphus_tutus,1,1,1,0,1,2,multi,French Polynesia,Oceania,Polynesia
124.5120381,8.682676483,Todiramphus_winchelli,1,1,0,0,1,1,blue,Indonesia,Asia,South-Eastern Asia
93.64565549,17.26403885,Treron_bicinctus,0,0,0,0,0,0,absence,India,Asia,Southern Asia
108.0947496,0.696388133,Treron_capellei,0,0,0,0,0,0,absence,Indonesia,Asia,South-Eastern Asia
119.69108,-8.575615955,Treron_floris,0,0,0,0,0,0,absence,Indonesia,Asia,South-Eastern Asia
121.6526808,24.01056795,Treron_formosae,0,0,0,0,0,0,absence,Philippines,Asia,South-Eastern Asia
115.850475,-4.582436963,Treron_griseicauda,0,0,0,0,0,0,absence,Indonesia,Asia,South-Eastern Asia
108.3958111,0.840382848,Treron_olax,0,0,0,0,0,0,absence,Indonesia,Asia,South-Eastern Asia
110.4479069,3.352588379,Treron_vernans,0,0,0,0,0,0,absence,Indonesia,Asia,South-Eastern Asia
139.8315529,54.27873847,Tringa_guttifer,0,0,0,0,0,0,absence,Australia,Oceania,Australia and New Zealand
-76.41768712,18.06085939,Trochilus_scitulus,1,0,0,0,0,0,sc,Jamaica,Americas,Caribbean
-77.64842036,3.565748026,Trogon_comptus,1,0,0,0,0,0,sc,Colombia,Americas,South America
136.4423827,-14.23319195,Turnix_maculosus,0,0,0,0,0,0,absence,Australia,Oceania,Australia and New Zealand
4.056761621,2.738313375,Tyto_alba,0,0,0,0,0,0,absence,Nigeria,Africa,Western Africa
113.7287922,13.45068341,Tyto_longimembris,0,0,0,0,0,0,absence,Indonesia,Asia,South-Eastern Asia
127.9484675,-4.569095079,Tyto_sororcula,0,0,0,0,0,0,absence,Indonesia,Asia,South-Eastern Asia
144.0621219,-14.08838243,Tyto_tenebricosa,0,0,0,0,0,0,absence,Northern Mariana Islands,Oceania,Micronesia
-2.943413449,58.21395525,Uria_aalge,0,0,0,0,0,0,absence,United Kingdom,Europe,Northern Europe
-0.612494901,65.65272623,Uria_lomvia,0,0,0,0,0,0,absence,Iceland,Europe,Northern Europe
-77.52911802,3.82488455,Veniliornis_chocoensis,0,0,0,0,0,0,absence,Colombia,Americas,South America
-172.4108594,-14.65642624,Vini_australis,1,1,1,1,1,3,multi,American Samoa,Oceania,Polynesia
-157.7745763,1.572266199,Vini_kuhlii,1,1,1,1,1,3,multi,Kiribati,Oceania,Micronesia
-139.0984202,-9.686333293,Vini_ultramarina,1,1,1,1,1,3,multi,French Polynesia,Oceania,Polynesia
-140.197293,70.25634062,Xema_sabini,0,0,0,0,0,0,absence,Canada,Americas,Northern America
-79.01730857,21.62678349,Xiphidiopicus_percussus,0,0,0,0,0,0,absence,Cuba,Americas,Caribbean
-90.89218111,-0.541099273,Zenaida_galapagoensis,0,0,0,0,0,0,absence,Ecuador,Americas,South America
6.726774617,0.445614814,Zoonavena_thomensis,0,0,0,0,0,0,absence,Sao Tome and Principe,Africa,Middle Africa